section,tz_no,name,qty,unit,required_ttx,do_not_offer,note
Оборудование,1,TRASSIR TR-C241B или аналог,1,шт,"2 двери; до 4 считывателей; ≥10000 карт; ≥50000 событий; Wiegand; TCP/IP; 2 реле; металл. корпус; −20…+65 °C; 12 В",,Подтвердить поставку в 25 р.д.
Оборудование,2,Модуль ПО TRASSIR СКУД,1,шт,Совместимость с контроллером и MiniNVR; поставка в составе регистратора,Не двоить с лицензиями камер NVR,Если отдельный артикул — одна строка
Оборудование,3,Hikvision DS-K1107AM (аналог F-KD-4407PM i-FLOW),2,шт,"Mifare 13.56 МГц; OSDP+RS-485+Wiegand W26/W34; IP65; ≤2 Вт",TR-R5M; не 4 шт,i-FLOW только если срок ≤25 р.д.
Оборудование,4,"Турникет Hikvision DS-K3G411LX-R/Pg-Dm55 или DS-K3G411LX-R/Dm55 или DS-K3G501LX-R/Dm55",1,шт,"Проход ≥550 мм; ≥35 чел/мин; ≥3 млн; антипаника; нерж. сталь; −20…+65 °C; без встроенного контроллера и считывателя; вход ПС",TR-TT552; TR-TP551; модификации со встроенным контроллером,Один турникет в сумме КП
Оборудование,5,Поручень Praktika ВЗР 1996.05-02 или аналог,1,шт,"Две трубы; нерж. сталь; D≥32 мм; L≥940 мм",,Стыковка с выбранным турникетом
Оборудование,6,Стойка Praktika ВЗР 1996.01 или аналог,2,шт,"D≥50 мм; H≥1000 мм; 2 муфты",,Стыковка с поручнем
Оборудование,7,Пульт ST-AC103RC или аналог,1,шт,"≥3 кнопки; НЗ/НР/ОБЩ",,
Оборудование,8,БП PS-1230 (плата) Проксима или аналог,1,шт,"187–242 В; 13.5–14.2 В; 2.8 А; плата без корпуса; под АКБ 12В 7Ач",ББП в корпусе без эквивалента,
Оборудование,9,АКБ Delta DTM 1207 или аналог,1,шт,"12 В / 7 Ач; AGM; F2; срок ≥6 лет",,
Оборудование,10,TRASSIR MiniNVR 4216R AnyIP или аналог,1,шт,"16 кан.; 2×SATA ≥18 ТБ; ≥2 выхода HDMI/VGA; ≤400×350×60 мм; 19""; лицензии 16 кан.; t° ТЗ −10…+55 °C",NVR без лицензий каналов,Каталог MiniNVR +10…+30 — отклонение или аналог
Оборудование,11,Камера TR-D8151IR3 v7 (D) 2.8 или аналог,7,шт,"5 Мп; 2.8 мм; ИК≥30 м; IP66; PoE; аналитика; поставка в 25 р.д.",Приход «конец сентября» без склада,
Оборудование,12,Монтажная коробка TR-JB306 или аналог,7,шт,Совместима с камерами п.11,,
Оборудование,13,Коммутатор TR-NS11191S-285-16PoE или аналог,1,шт,"≥16 PoE; бюджет ≥270 Вт; CCTV≥250 м; Watchdog; ≤450×200×50 мм",8-портовый; TL-SG2218P вдобавок,
Оборудование,14,HDD WD85PURZ 8ТБ или аналог,2,шт,"SATA; 8 ТБ; 3.5""; Purple/surveillance",диски 4 ТБ,
Оборудование,15,Монитор Dahua DHI-LM27-C301B или аналог,1,шт,"≥27""; IPS/OLED; ≥2560×1440; ≥100 Гц; ≥300 кд/м²; DP+HDMI; VESA",Full HD без QHD,
Оборудование,16,Кабель HDMI ≥5 м,1,шт,Складская позиция,Rexant с приходом 06.10,
Оборудование,17,Шкаф Cabeus SH-05F-15U60/60-R или аналог,1,шт,"19""; ≥15U; 600×600; стекло; замок",ЦМО 18U IP54,
Оборудование,18,Вентилятор Cabeus XD12038A2 или аналог,2,шт,Под шкаф п.17,,
Оборудование,19,Термостат Cabeus KTS011 или аналог,1,шт,NO; 0…+60 °C,,
Оборудование,20,Щеточный ввод Cabeus JD04B или аналог,2,шт,Совместим со шкафом,,
Оборудование,21,Полка Cabeus SH-J018-FC-600m или аналог,1,шт,"19""; 4 точки; ≥45 кг",,
Оборудование,22,Направляющие Cabeus JH05-06-100KG или аналог,1,компл,"Глубина 600 мм; пара; 100 кг",,
Оборудование,23,PDU Cabeus PDU-8P-2EU или аналог,1,шт,"8 евророзеток; 16 А; Schuko",,
Оборудование,24,PDU Cabeus PDU-8P-2IEC или аналог,1,шт,"8 EURO; 10 А; вилка C14",,
Оборудование,25,ИБП Powercom KIN-3000AP LCD арт.1152615 или аналог,1,шт,"≥3000 ВА / 2400 Вт; 4×9 Ач; 19""; ≤8×C13; USB; RS-232; SNMP",формулировка 1800 Вт; ИБП 850 ВА,
Оборудование,26,Keenetic Explorer 4G KN-4910 или аналог,1,шт,"LTE/4G; SIM любого оператора; ≥4 Ethernet; внешняя LTE-антенна; VPN PPTP и L2TP/IPsec",роутер без LTE,
Материалы,М1,UTP Cat 5e/6 внутренний,,м,По схеме прил. №2 и обмеру,,Отдельная строка КП
Материалы,М2,UTP наружный (при фасаде/улице),,м,По схеме,,
Материалы,М3,Лоток металлический по коридору,,м,Прямое требование ТЗ подраздел 3.1,,
Материалы,М4,Гофра / кабель-канал внутренний,,м,,,
Материалы,М5,Защитный канал к турникету и считывателям,,м,,,
Материалы,М6,Крепёж; автоматы; патч-корды; герметик; расходники,1,компл,Подраздел 2.3 ТЗ,,
Работы,Р1,Доставка и разгрузка на объект Морозовск,1,рейс,Силами подрядчика,,
Работы,Р2,Монтаж шкафа и оборудования АРМ,1,компл,,,
Работы,Р3,Монтаж и юстировка IP-камер,7,шт,Юстировка под контролем заказчика,,
Работы,Р4,Монтаж турникета ограждения считывателей пульта,1,компл,,,
Работы,Р5,Кабельные трассы маркировка кабельный журнал,1,компл,,,
Работы,Р6,ПНР СКУД и СВН,1,компл,,,
Работы,Р7,Разблокировка турникета от Гранит-24,1,шт,,,
Работы,Р8,Инструктаж персонала заказчика,2,чел,,,
Работы,Р9,Исполнительная документация 3+1 экз.,1,компл,Приказ Минстроя 344/пр,,
Работы,Р10,Гарантия ≥12 мес. с акта,1,компл,,,
